{
  "meta": {
    "dataset": "folktables ACSIncome (US Census PUMS, 2018 1-Year)",
    "loader": "folktables.ACSDataSource + ACSIncome.df_to_pandas (per-state fetch)",
    "license": "folktables MIT; underlying ACS PUMS is US Census public data",
    "shift_type": "spatial (state) covariate shift",
    "base_classifier": "HistGradientBoostingClassifier (torch-free)",
    "nu": "state code; train on source state, calibrate/test on target states",
    "reference_stratum_meaning": "one reference target state, threshold reused for all",
    "source_states": [
      "CA"
    ],
    "target_states": [
      "SD",
      "WY",
      "MS"
    ],
    "year": "2018",
    "delta": 0.1,
    "alphas": [
      0.1,
      0.2
    ],
    "seed": 20260712,
    "git_sha": "a1c7fb78250f205dc926a325c1ff2484cb97b0d9",
    "n_eval": 19485,
    "runtime_sec": 23.2
  },
  "block_summary": {
    "MS": {
      "n_cal": 6069,
      "n_test": 6070,
      "cal_correct_rate": 0.7511945954852529,
      "test_correct_rate": 0.7514003294892916
    },
    "SD": {
      "n_cal": 2262,
      "n_test": 2263,
      "cal_correct_rate": 0.7232537577365163,
      "test_correct_rate": 0.726911179849757
    },
    "WY": {
      "n_cal": 1410,
      "n_test": 1411,
      "cal_correct_rate": 0.7631205673758865,
      "test_correct_rate": 0.7647058823529411
    }
  },
  "score_aurc_diagnostic": {
    "per_block_aurc": {
      "MS": 0.11841098254236566,
      "SD": 0.13479668362518962,
      "WY": 0.1097124597725008
    },
    "worst_block_aurc": 0.13479668362518962,
    "worst_block_aurc_ci90": [
      0.12302324800353617,
      0.14639188703185343
    ],
    "worst_block": "SD",
    "pooled_test_aurc": 0.12106280216211993
  },
  "concept_shift_diagnostic": {
    "worst_block_by_base_accuracy": "SD",
    "worst_block_base_correct_rate": 0.726911179849757,
    "concept_gap_worst_block": {
      "max_abs_gap": 0.04641095707811249,
      "mean_abs_gap_target_weighted": 0.025961478774355083
    },
    "concept_gap_pooled": {
      "max_abs_gap": 0.028468085397931775,
      "mean_abs_gap_target_weighted": 0.011381937058114586
    }
  },
  "operating_points": {
    "0.1": {
      "marginal_pooled": {
        "per_block": {
          "MS": {
            "tau": 0.8540569386724473,
            "coverage": 0.45733113673805603,
            "selective_risk": 0.10626801152737753,
            "n_accept": 2776,
            "errors": 295,
            "n_test": 6070
          },
          "SD": {
            "tau": 0.8540569386724473,
            "coverage": 0.4021210782147592,
            "selective_risk": 0.10439560439560436,
            "n_accept": 910,
            "errors": 95,
            "n_test": 2263
          },
          "WY": {
            "tau": 0.8540569386724473,
            "coverage": 0.4053862508858965,
            "selective_risk": 0.0874125874125874,
            "n_accept": 572,
            "errors": 50,
            "n_test": 1411
          }
        },
        "worst_block": "MS",
        "worst_block_risk": 0.10626801152737753,
        "certified_worst_risk_ucb": 0.1293911647110984,
        "overall_coverage": 0.43698686371100165,
        "worst_block_risk_ci90": [
          0.10039033353024093,
          0.12168230494904649
        ],
        "worst_block_risk_exceeds_alpha": true
      },
      "marginal_single": {
        "per_block": {
          "MS": {
            "tau": 0.8532151693116345,
            "coverage": 0.4581548599670511,
            "selective_risk": 0.10607695073714496,
            "n_accept": 2781,
            "errors": 295,
            "n_test": 6070
          },
          "SD": {
            "tau": 0.8532151693116345,
            "coverage": 0.40433053468846664,
            "selective_risk": 0.10382513661202186,
            "n_accept": 915,
            "errors": 95,
            "n_test": 2263
          },
          "WY": {
            "tau": 0.8532151693116345,
            "coverage": 0.4068036853295535,
            "selective_risk": 0.08885017421602792,
            "n_accept": 574,
            "errors": 51,
            "n_test": 1411
          }
        },
        "worst_block": "MS",
        "worst_block_risk": 0.10607695073714496,
        "certified_worst_risk_ucb": 0.12869399866736372,
        "overall_coverage": 0.4382183908045977,
        "worst_block_risk_ci90": [
          0.1000687349075893,
          0.12169039388916102
        ],
        "worst_block_risk_exceeds_alpha": true
      },
      "mondrian": {
        "per_block": {
          "MS": {
            "tau": 0.8532151693116345,
            "coverage": 0.4581548599670511,
            "selective_risk": 0.10607695073714496,
            "n_accept": 2781,
            "errors": 295,
            "n_test": 6070
          },
          "SD": {
            "tau": 0.8651403073920277,
            "coverage": 0.3800265134776845,
            "selective_risk": 0.0918604651162791,
            "n_accept": 860,
            "errors": 79,
            "n_test": 2263
          },
          "WY": {
            "tau": 0.8273417616700931,
            "coverage": 0.4585400425230333,
            "selective_risk": 0.09582689335394123,
            "n_accept": 647,
            "errors": 62,
            "n_test": 1411
          }
        },
        "worst_block": "MS",
        "worst_block_risk": 0.10607695073714496,
        "certified_worst_risk_ucb": 0.12501589668246293,
        "overall_coverage": 0.4400656814449918,
        "worst_block_risk_ci90": [
          0.0997495961843573,
          0.11863621861976827
        ],
        "worst_block_risk_exceeds_alpha": true
      },
      "weighted": {
        "per_block": {
          "MS": {
            "tau": 0.8531717414497718,
            "coverage": 0.4581548599670511,
            "selective_risk": 0.10607695073714496,
            "n_accept": 2781,
            "errors": 295,
            "n_test": 6070
          },
          "SD": {
            "tau": 0.8614512125397352,
            "coverage": 0.3866548828988069,
            "selective_risk": 0.0971428571428572,
            "n_accept": 875,
            "errors": 85,
            "n_test": 2263
          },
          "WY": {
            "tau": 0.8614512125397352,
            "coverage": 0.38979447200566975,
            "selective_risk": 0.08545454545454545,
            "n_accept": 550,
            "errors": 47,
            "n_test": 1411
          }
        },
        "worst_block": "MS",
        "worst_block_risk": 0.10607695073714496,
        "certified_worst_risk_ucb": 0.12198428770207417,
        "overall_coverage": 0.4316502463054187,
        "worst_block_risk_ci90": [
          0.09776411636601247,
          0.11761543708246272
        ],
        "worst_block_risk_exceeds_alpha": true
      },
      "marginal_pooled_certified": {
        "per_block": {
          "MS": {
            "tau": 0.8655456420708748,
            "coverage": 0.4298187808896211,
            "selective_risk": 0.09812188577999237,
            "n_accept": 2609,
            "errors": 256,
            "n_test": 6070
          },
          "SD": {
            "tau": 0.8655456420708748,
            "coverage": 0.3791427308882015,
            "selective_risk": 0.09090909090909094,
            "n_accept": 858,
            "errors": 78,
            "n_test": 2263
          },
          "WY": {
            "tau": 0.8655456420708748,
            "coverage": 0.3827072997873848,
            "selective_risk": 0.08148148148148149,
            "n_accept": 540,
            "errors": 44,
            "n_test": 1411
          }
        },
        "worst_block": "MS",
        "worst_block_risk": 0.09812188577999237,
        "certified_worst_risk_ucb": 0.11538628059650276,
        "overall_coverage": 0.41122742200328405,
        "worst_block_risk_ci90": [
          0.09136690025167453,
          0.11123992879259485
        ],
        "worst_block_risk_exceeds_alpha": false
      },
      "weighted_certified": {
        "per_block": {
          "MS": {
            "tau": null,