{
  "af3": {
    "n": 2709,
    "base_correct": 0.7043189368770764,
    "mean_realized_risk": 0.1715824643764258,
    "p95_realized_risk": 0.2119499063670412,
    "mean_coverage": 0.2828090405904059,
    "frac_splits_risk_le_alpha": 0.852589641434263,
    "abstain_rate": 0.3725,
    "target_guarantee": 0.9
  },
  "boltz1": {
    "n": 2384,
    "base_correct": 0.6375838926174496,
    "mean_realized_risk": 0.14456558056924734,
    "p95_realized_risk": 0.21252170925816358,
    "mean_coverage": 0.13849231306778478,
    "frac_splits_risk_le_alpha": 0.8826530612244898,
    "abstain_rate": 0.02,
    "target_guarantee": 0.9
  },
  "boltz1x": {
    "n": 2331,
    "base_correct": 0.6555126555126555,
    "mean_realized_risk": 0.15111608199722942,
    "p95_realized_risk": 0.2096877121520706,
    "mean_coverage": 0.20600786275911362,
    "frac_splits_risk_le_alpha": 0.904639175257732,
    "abstain_rate": 0.03,
    "target_guarantee": 0.9
  },
  "chai": {
    "n": 2571,
    "base_correct": 0.6487747957992999,
    "mean_realized_risk": 0.22522400821855632,
    "p95_realized_risk": 0.26045487894350694,
    "mean_coverage": 0.005515230071289695,
    "frac_splits_risk_le_alpha": 0.1111111111111111,
    "abstain_rate": 0.91,
    "target_guarantee": 0.9
  },
  "protenix": {
    "n": 2607,
    "base_correct": 0.6340621403912543,
    "mean_realized_risk": 0.180073198039344,
    "p95_realized_risk": 0.22127705627705627,
    "mean_coverage": 0.04639297124600638,
    "frac_splits_risk_le_alpha": 0.7692307692307693,
    "abstain_rate": 0.74,
    "target_guarantee": 0.9
  }
}