{
  "af3": {
    "n": 2709,
    "base_correct": 0.7043189368770764,
    "mean_realized_risk": 0.17681053141259295,
    "p95_realized_risk": 0.2093008684501953,
    "mean_coverage": 0.3580024600246003,
    "frac_splits_risk_le_alpha": 0.8933333333333333,
    "target_guarantee": 0.9
  },
  "boltz1": {
    "n": 2384,
    "base_correct": 0.6375838926174496,
    "mean_realized_risk": 0.15121812319847014,
    "p95_realized_risk": 0.21671894218942192,
    "mean_coverage": 0.1472986577181208,
    "frac_splits_risk_le_alpha": 0.8866666666666667,
    "target_guarantee": 0.9
  },
  "boltz1x": {
    "n": 2332,
    "base_correct": 0.6552315608919382,
    "mean_realized_risk": 0.15608838133429964,
    "p95_realized_risk": 0.21411764705882352,
    "mean_coverage": 0.2246912521440823,
    "frac_splits_risk_le_alpha": 0.89,
    "target_guarantee": 0.9
  },
  "chai": {
    "n": 2571,
    "base_correct": 0.6487747957992999,
    "mean_realized_risk": 0.24558569131042451,
    "p95_realized_risk": 0.2817062818336163,
    "mean_coverage": 0.005184033177812338,
    "frac_splits_risk_le_alpha": 0.9133333333333333,
    "target_guarantee": 0.9
  },
  "protenix": {
    "n": 2607,
    "base_correct": 0.6340621403912543,
    "mean_realized_risk": 0.17987096702267524,
    "p95_realized_risk": 0.22421254355400697,
    "mean_coverage": 0.03967280163599182,
    "frac_splits_risk_le_alpha": 0.96,
    "target_guarantee": 0.9
  }
}