{
  "rnp_iptm_tau": {
    "boltz2": 0.6613840878009796,
    "protenix": 0.9887774348258972,
    "af3": 0.875,
    "boltz1": 0.6016194200515746,
    "boltz1x": 0.5813073515892028,
    "chai": 0.662659890949726
  },
  "datasets": {
    "dekois": {
      "n_targets": 79,
      "models": {
        "boltz2": {
          "n_targets_scored": 79,
          "agg": {
            "ef": {
              "median": 31.0,
              "ci90": [
                28.416666666666668,
                31.0
              ],
              "n": 79
            },
            "bedroc": {
              "median": 0.8668629782996001,
              "ci90": [
                0.8308890883877912,
                0.8869628891191306
              ],
              "n": 79
            },
            "auc": {
              "median": 0.9644791666666667,
              "ci90": [
                0.9545625,
                0.9722916666666667
              ],
              "n": 79
            },
            "ef_dock": {
              "median": 10.333333333333334,
              "ci90": [
                10.333333333333334,
                15.5
              ],
              "n": 79
            },
            "ef_reg_gate": {
              "median": 31.0,
              "ci90": [
                28.416666666666668,
                31.0
              ],
              "n": 79
            },
            "cov_reg_gate": {
              "median": 0.9983870967741936,
              "ci90": [
                0.9983870967741936,
                0.9991935483870967
              ],
              "n": 79
            },
            "ef_sel50": {
              "median": 31.0,
              "ci90": [
                28.416666666666668,
                31.0
              ],
              "n": 79
            },
            "ef_rand50": {
              "median": 26.66,
              "ci90": [
                25.6525,
                27.641666666666666
              ],
              "n": 79
            },
            "frac_beats_random": 0.12658227848101267,
            "rnp_iptm_tau": 0.6613840878009796
          }
        },
        "protenix": {
          "n_targets_scored": 79,
          "agg": {
            "ef": {
              "median": 15.5,
              "ci90": [
                12.916666666666668,
                18.083333333333336
              ],
              "n": 79
            },
            "bedroc": {
              "median": 0.44732026602677005,
              "ci90": [
                0.39180511952034175,
                0.5070056251554573
              ],
              "n": 79
            },
            "auc": {
              "median": 0.8127916666666667,
              "ci90": [
                0.7737291666666667,
                0.85725
              ],
              "n": 79
            },
            "ef_dock": {
              "median": 10.333333333333334,
              "ci90": [
                10.333333333333334,
                15.5
              ],
              "n": 79
            },
            "ef_reg_gate": {
              "median": 18.083333333333336,
              "ci90": [
                15.5,
                18.083333333333336
              ],
              "n": 60
            },
            "cov_reg_gate": {
              "median": 0.04032258064516129,
              "ci90": [
                0.025060630557801132,
                0.06048387096774194
              ],
              "n": 79
            },
            "ef_sel50": {
              "median": 15.5,
              "ci90": [
                12.916666666666668,
                18.083333333333336
              ],
              "n": 79
            },
            "ef_rand50": {
              "median": 12.270833333333332,
              "ci90": [
                10.165416666666665,
                14.6475
              ],
              "n": 79
            },
            "frac_beats_random": 0.10126582278481013,
            "rnp_iptm_tau": 0.9887774348258972
          }
        },
        "af3": {
          "n_targets_scored": 79,
          "agg": {
            "ef": {
              "median": 20.666666666666668,
              "ci90": [
                18.083333333333336,
                23.25
              ],
              "n": 79
            },
            "bedroc": {
              "median": 0.6137625468459813,
              "ci90": [
                0.5669091641215244,
                0.6669055411551877
              ],
              "n": 79
            },
            "auc": {
              "median": 0.9340208333333333,
              "ci90": [
                0.9225833333333333,
                0.9464166666666667
              ],
              "n": 79
            },
            "ef_dock": {
              "median": 10.333333333333334,
              "ci90": [
                10.333333333333334,
                15.5
              ],
              "n": 79
            },
            "ef_reg_gate": {
              "median": 20.666666666666668,
              "ci90": [
                18.083333333333336,
                23.25
              ],
              "n": 79
            },
            "cov_reg_gate": {
              "median": 0.1403225806451613,
              "ci90": [
                0.12661290322580646,
                0.15483870967741936
              ],
              "n": 79
            },
            "ef_sel50": {
              "median": 20.666666666666668,
              "ci90": [
                18.083333333333336,
                23.25
              ],
              "n": 79
            },
            "ef_rand50": {
              "median": 18.238333333333333,
              "ci90": [
                16.390249999999998,
                19.594583333333336
              ],
              "n": 79
            },
            "frac_beats_random": 0.10126582278481013,
            "rnp_iptm_tau": 0.875
          }
        }
      },
      "shift_boltz2_affinity": {
        "-0.01-0.3": [
          66.83333333333333,
          35
        ],
        "0.3-0.5": [
          42.5,
          79
        ],
        "0.5-0.7": [
          67.16666666666667,
          78
        ],
        "0.7-1.01": [
          72.82792207792207,
          66
        ]
      }
    },
    "lipcba": {
      "n_targets": 5,
      "models": {
        "boltz2": {
          "n_targets_scored": 5,
          "agg": {
            "ef": {
              "median": 5.119951778179626,
              "ci90": [
                4.872994652406418,
                11.192307692307693
              ],
              "n": 5
            },
            "bedroc": {
              "median": 0.15512816685631647,
              "ci90": [
                0.0654295252455349,
                0.22493558058773971
              ],
              "n": 5
            },
            "auc": {
              "median": 0.8047996792924998,
              "ci90": [
                0.6911995459553301,
                0.8457680596315739
              ],
              "n": 5
            },
            "ef_dock": {
              "median": 2.9705882352941173,
              "ci90": [
                0.0,
                18.653846153846157
              ],
              "n": 5
            },
            "ef_reg_gate": {
              "median": 5.119951778179626,
              "ci90": [
                4.872994652406418,
                23.060439560439562
              ],
              "n": 5
            },
            "cov_reg_gate": {
              "median": 0.9964680951259712,
              "ci90": [
                0.9890993566833453,
                0.9990454371897671
              ],
              "n": 5
            },
            "ef_sel50": {
              "median": 7.679927667269439,
              "ci90": [
                4.872994652406418,
                18.653846153846157
              ],
              "n": 5
            },
            "ef_rand50": {
              "median": 7.961525015069319,
              "ci90": [
                2.3715196078431373,
                12.2989010989011
              ],