{
  "af3": {
    "marginal_risk": 0.176810531412593,
    "conditional": {
      "0": {
        "n_stratum": 692,
        "pooled_selective_risk": 0.07102726663574042,
        "risk_p05": 0.023375074537865238,
        "risk_p95": 0.09458708708708709,
        "mean_coverage": 0.5072586618097119
      },
      "1": {
        "n_stratum": 654,
        "pooled_selective_risk": 0.1486932316098768,
        "risk_p05": 0.10012048192771085,
        "risk_p95": 0.18051900584795322,
        "mean_coverage": 0.5319727799951688
      },
      "2": {
        "n_stratum": 629,
        "pooled_selective_risk": 0.16250422821062127,
        "risk_p05": 0.11952201257861636,
        "risk_p95": 0.20201916317337984,
        "mean_coverage": 0.507930634667785
      },
      "3": {
        "n_stratum": 658,
        "pooled_selective_risk": 0.37534772817591733,
        "risk_p05": 0.19586956521739132,
        "risk_p95": 0.44086190759806004,
        "mean_coverage": 0.41341678787594843
      },
      "4": {
        "n_stratum": 76,
        "pooled_selective_risk": 0.42686170212765956,
        "risk_p05": 0.22361111111111112,
        "risk_p95": 0.6153846153846154,
        "mean_coverage": 0.26529417472854794
      }
    },
    "covariate_shift": {
      "n_low": 1346,
      "n_high": 734,
      "mean_realized_risk_on_high": 0.5465220832365667,
      "mean_coverage_on_high": 0.9846158038147139,
      "frac_splits_risk_le_alpha": 0.0,
      "target_guarantee": 0.9
    }
  },
  "boltz1": {
    "marginal_risk": 0.15316140969460443,
    "conditional": {
      "0": {
        "n_stratum": 563,
        "pooled_selective_risk": 0.06240713224368499,
        "risk_p05": 0.0,
        "risk_p95": 0.125,
        "mean_coverage": 0.079528322770591
      },
      "1": {
        "n_stratum": 581,
        "pooled_selective_risk": 0.05671488193928306,
        "risk_p05": 0.018149920255183413,
        "risk_p95": 0.09595025934299775,
        "mean_coverage": 0.20118018846014527
      },
      "2": {
        "n_stratum": 577,
        "pooled_selective_risk": 0.24013730192316735,
        "risk_p05": 0.1,
        "risk_p95": 0.3152898550724638,
        "mean_coverage": 0.2455502137349139
      },
      "3": {
        "n_stratum": 592,
        "pooled_selective_risk": 0.2839426430693709,
        "risk_p05": 0.1108187134502924,
        "risk_p95": 0.3877551020408163,
        "mean_coverage": 0.0871662976030314
      },
      "4": {
        "n_stratum": 71,
        "pooled_selective_risk": 0.0,
        "risk_p05": 0.0,
        "risk_p95": 0.0,
        "mean_coverage": 0.0002941176470588235
      }
    },
    "covariate_shift": {
      "n_low": 1144,
      "n_high": 663,
      "mean_realized_risk_on_high": 0.47793910172257187,
      "mean_coverage_on_high": 0.6084786120617712,
      "frac_splits_risk_le_alpha": 0.0,
      "target_guarantee": 0.9
    }
  },
  "boltz1x": {
    "marginal_risk": 0.15540189268192875,
    "conditional": {
      "0": {
        "n_stratum": 552,
        "pooled_selective_risk": 0.05953504332160933,
        "risk_p05": 0.0,
        "risk_p95": 0.10554511278195484,
        "mean_coverage": 0.14197858276738975
      },
      "1": {
        "n_stratum": 566,
        "pooled_selective_risk": 0.06919406150583245,
        "risk_p05": 0.01955128205128205,
        "risk_p95": 0.11602645279302096,
        "mean_coverage": 0.26771517011017004
      },
      "2": {
        "n_stratum": 568,
        "pooled_selective_risk": 0.20639259804436969,
        "risk_p05": 0.1111111111111111,
        "risk_p95": 0.266416473120716,
        "mean_coverage": 0.3372660345184393
      },
      "3": {
        "n_stratum": 577,
        "pooled_selective_risk": 0.3222439660795825,
        "risk_p05": 0.14285714285714285,
        "risk_p95": 0.4142241379310344,
        "mean_coverage": 0.1779653686735066
      },
      "4": {
        "n_stratum": 68,
        "pooled_selective_risk": 0.18421052631578946,
        "risk_p05": 0.0,
        "risk_p95": 0.5,
        "mean_coverage": 0.007479665099747022
      }
    },
    "covariate_shift": {
      "n_low": 1118,
      "n_high": 645,
      "mean_realized_risk_on_high": 0.4592593427324972,
      "mean_coverage_on_high": 0.6188742837883384,
      "frac_splits_risk_le_alpha": 0.0,
      "target_guarantee": 0.9
    }
  },
  "chai": {
    "marginal_risk": 0.23950072018698462,
    "conditional": {
      "0": {
        "n_stratum": 636,
        "pooled_selective_risk": 0.2137546468401487,
        "risk_p05": 0.05625000000000001,
        "risk_p95": 0.44027777777777777,
        "mean_coverage": 0.0518190113262387
      },
      "1": {
        "n_stratum": 625,
        "pooled_selective_risk": 0.12919254658385093,
        "risk_p05": 0.07472527472527472,
        "risk_p95": 0.18409090909090908,
        "mean_coverage": 0.07819546860070006
      },
      "2": {
        "n_stratum": 614,
        "pooled_selective_risk": 0.23451692815854666,
        "risk_p05": 0.1591578947368421,
        "risk_p95": 0.30434782608695654,
        "mean_coverage": 0.11777372157087403
      },
      "3": {
        "n_stratum": 624,
        "pooled_selective_risk": 0.6348684210526315,
        "risk_p05": 0.39,
        "risk_p95": 0.8,
        "mean_coverage": 0.02967726136686428
      },
      "4": {
        "n_stratum": 72,
        "pooled_selective_risk": 0.0,
        "risk_p05": 0.0,
        "risk_p95": 0.0,
        "mean_coverage": 0.0017965179255501837
      }
    },
    "covariate_shift": {
      "n_low": 1261,
      "n_high": 696,
      "mean_realized_risk_on_high": 0.5333885041856673,
      "mean_coverage_on_high": 0.42209949712643674,
      "frac_splits_risk_le_alpha": 0.0,
      "target_guarantee": 0.9
    }
  },
  "protenix": {
    "marginal_risk": 0.18302042286404877,
    "conditional": {
      "0": {
        "n_stratum": 649,
        "pooled_selective_risk": 0.06244995996797438,
        "risk_p05": 0.017351973684210525,
        "risk_p95": 0.09724170172978024,
        "mean_coverage": 0.1949631790583526
      },
      "1": {
        "n_stratum": 633,
        "pooled_selective_risk": 0.12703412073490813,
        "risk_p05": 0.06788537549407114,
        "risk_p95": 0.18365665692266805,
        "mean_coverage": 0.1526001886012208
      },
      "2": {
        "n_stratum": 618,
        "pooled_selective_risk": 0.1753764393268379,
        "risk_p05": 0.11,
        "risk_p95": 0.24774976657329595,
        "mean_coverage": 0.1843969170038274
      },
      "3": {
        "n_stratum": 635,
        "pooled_selective_risk": 0.386397768719159,
        "risk_p05": 0.29244689221085757,
        "risk_p95": 0.48714285714285704,
        "mean_coverage": 0.1855516792118034
      },
      "4": {
        "n_stratum": 72,
        "pooled_selective_risk": 0.22996515679442509,
        "risk_p05": 0.0,
        "risk_p95": 0.5416666666666666,
        "mean_coverage": 0.1007348569283047
      }
    },
    "covariate_shift": {
      "n_low": 1282,
      "n_high": 707,
      "mean_realized_risk_on_high": 0.6125578887617377,
      "mean_coverage_on_high": 0.6833827787110841,
      "frac_splits_risk_le_alpha": 0.0,
      "target_guarantee": 0.9
    }
  }
}