{
  "protocol": "nested target-grouped LOTO (GroupKFold outer, grouped fit/cal inner)",
  "alpha": 0.2,
  "delta": 0.1,
  "iptm_threshold": 0.8,
  "n_inner_seeds": 20,
  "cal_frac": 0.5,
  "lambda_grid": [
    0.25,
    0.5,
    1.0,
    2.0,
    3.0,
    4.0,
    6.0,
    9.0
  ],
  "net_benefit_formula": "NB = (TP - lambda*FP)/N",
  "per_model": {
    "af3": {
      "n": 2709,
      "counts": {
        "conformal": {
          "tp": 1636.15,
          "fp": 356.0
        },
        "iptm": {
          "tp": 1500.0,
          "fp": 432.0
        },
        "accept_all": {
          "tp": 1908.0,
          "fp": 801.0
        },
        "abstain_all": {
          "tp": 0.0,
          "fp": 0.0
        }
      },
      "net_benefit": {
        "conformal": {
          "0.25": 0.57111,
          "0.5": 0.53826,
          "1.0": 0.47255,
          "2.0": 0.34114,
          "3.0": 0.20973,
          "4.0": 0.07831,
          "6.0": -0.18451,
          "9.0": -0.57876
        },
        "iptm": {
          "0.25": 0.51384,
          "0.5": 0.47398,
          "1.0": 0.39424,
          "2.0": 0.23477,
          "3.0": 0.0753,
          "4.0": -0.08416,
          "6.0": -0.4031,
          "9.0": -0.88151
        },
        "accept_all": {
          "0.25": 0.6304,
          "0.5": 0.55648,
          "1.0": 0.40864,
          "2.0": 0.11296,
          "3.0": -0.18272,
          "4.0": -0.47841,
          "6.0": -1.06977,
          "9.0": -1.95681
        },
        "abstain_all": {
          "0.25": 0.0,
          "0.5": 0.0,
          "1.0": 0.0,
          "2.0": 0.0,
          "3.0": 0.0,
          "4.0": 0.0,
          "6.0": 0.0,
          "9.0": 0.0
        }
      },
      "best_strategy_by_lambda": {
        "0.25": "accept_all",
        "0.5": "accept_all",
        "1.0": "conformal",
        "2.0": "conformal",
        "3.0": "conformal",
        "4.0": "conformal",
        "6.0": "abstain_all",
        "9.0": "abstain_all"
      },
      "conformal_wins_lambda_range": [
        0.65,
        4.55
      ],
      "accept_all_best_until_lambda": 0.65
    },
    "boltz1": {
      "n": 2384,
      "counts": {
        "conformal": {
          "tp": 1006.05,
          "fp": 219.65
        },
        "iptm": {
          "tp": 239.0,
          "fp": 20.0
        },
        "accept_all": {
          "tp": 1520.0,
          "fp": 864.0
        },
        "abstain_all": {
          "tp": 0.0,
          "fp": 0.0
        }
      },
      "net_benefit": {
        "conformal": {
          "0.25": 0.39897,
          "0.5": 0.37593,
          "1.0": 0.32987,
          "2.0": 0.23773,
          "3.0": 0.1456,
          "4.0": 0.05346,
          "6.0": -0.13081,
          "9.0": -0.40721
        },
        "iptm": {
          "0.25": 0.09815,
          "0.5": 0.09606,
          "1.0": 0.09186,
          "2.0": 0.08347,
          "3.0": 0.07508,
          "4.0": 0.06669,
          "6.0": 0.04992,
          "9.0": 0.02475
        },
        "accept_all": {
          "0.25": 0.54698,
          "0.5": 0.45638,
          "1.0": 0.27517,
          "2.0": -0.08725,
          "3.0": -0.44966,
          "4.0": -0.81208,
          "6.0": -1.53691,
          "9.0": -2.62416
        },
        "abstain_all": {
          "0.25": 0.0,
          "0.5": 0.0,
          "1.0": 0.0,
          "2.0": 0.0,
          "3.0": 0.0,
          "4.0": 0.0,
          "6.0": 0.0,
          "9.0": 0.0
        }
      },
      "best_strategy_by_lambda": {
        "0.25": "accept_all",
        "0.5": "accept_all",
        "1.0": "conformal",
        "2.0": "conformal",
        "3.0": "conformal",
        "4.0": "iptm",
        "6.0": "iptm",
        "9.0": "iptm"
      },
      "conformal_wins_lambda_range": [
        0.8,
        3.8
      ],
      "accept_all_best_until_lambda": 0.8
    },
    "boltz1x": {
      "n": 2331,
      "counts": {
        "conformal": {
          "tp": 1039.6,
          "fp": 219.3
        },
        "iptm": {
          "tp": 197.0,
          "fp": 20.0
        },
        "accept_all": {
          "tp": 1528.0,
          "fp": 803.0
        },
        "abstain_all": {
          "tp": 0.0,
          "fp": 0.0
        }
      },
      "net_benefit": {
        "conformal": {
          "0.25": 0.42247,
          "0.5": 0.39895,
          "1.0": 0.35191,
          "2.0": 0.25783,
          "3.0": 0.16375,
          "4.0": 0.06967,
          "6.0": -0.11849,
          "9.0": -0.40073
        },
        "iptm": {
          "0.25": 0.08237,
          "0.5": 0.08022,
          "1.0": 0.07593,
          "2.0": 0.06735,
          "3.0": 0.05877,
          "4.0": 0.05019,
          "6.0": 0.03303,
          "9.0": 0.00729
        },
        "accept_all": {
          "0.25": 0.56939,
          "0.5": 0.48327,
          "1.0": 0.31103,
          "2.0": -0.03346,
          "3.0": -0.37795,
          "4.0": -0.72244,
          "6.0": -1.41141,
          "9.0": -2.44487
        },
        "abstain_all": {
          "0.25": 0.0,
          "0.5": 0.0,
          "1.0": 0.0,
          "2.0": 0.0,
          "3.0": 0.0,
          "4.0": 0.0,
          "6.0": 0.0,
          "9.0": 0.0
        }
      },
      "best_strategy_by_lambda": {
        "0.25": "accept_all",
        "0.5": "accept_all",
        "1.0": "conformal",
        "2.0": "conformal",
        "3.0": "conformal",
        "4.0": "conformal",
        "6.0": "iptm",
        "9.0": "iptm"
      },
      "conformal_wins_lambda_range": [
        0.85,
        4.2
      ],
      "accept_all_best_until_lambda": 0.85
    },
    "chai": {
      "n": 2571,
      "counts": {
        "conformal": {
          "tp": 1356.1,
          "fp": 300.8
        },
        "iptm": {
          "tp": 400.0,
          "fp": 41.0
        },
        "accept_all": {
          "tp": 1668.0,
          "fp": 903.0
        },
        "abstain_all": {
          "tp": 0.0,
          "fp": 0.0
        }
      },
      "net_benefit": {
        "conformal": {
          "0.25": 0.49821,
          "0.5": 0.46896,
          "1.0": 0.41046,
          "2.0": 0.29347,
          "3.0": 0.17647,
          "4.0": 0.05947,
          "6.0": -0.17452,
          "9.0": -0.52552
        },
        "iptm": {
          "0.25": 0.15159,
          "0.5": 0.14761,
          "1.0": 0.13963,
          "2.0": 0.12369,
          "3.0": 0.10774,
          "4.0": 0.09179,
          "6.0": 0.0599,
          "9.0": 0.01206
        },
        "accept_all": {
          "0.25": 0.56097,
          "0.5": 0.47316,
          "1.0": 0.29755,
          "2.0": -0.05368,
          "3.0": -0.4049,
          "4.0": -0.75613,
          "6.0": -1.45858,
          "9.0": -2.51225
        },
        "abstain_all": {
          "0.25": 0.0,
          "0.5": 0.0,
          "1.0": 0.0,
          "2.0": 0.0,
          "3.0": 0.0,
          "4.0": 0.0,
          "6.0": 0.0,
          "9.0": 0.0
        }
      },
      "best_strategy_by_lambda": {
        "0.25": "accept_all",
        "0.5": "accept_all",
        "1.0": "conformal",
        "2.0": "conformal",
        "3.0": "conformal",
        "4.0": "iptm",
        "6.0": "iptm",
        "9.0": "iptm"
      },
      "conformal_wins_lambda_range": [
        0.55,
        3.65
      ],
      "accept_all_best_until_lambda": 0.55
    },
    "protenix": {
      "n": 2607,
      "counts": {
        "conformal": {
          "tp": 1142.25,
          "fp": 245.75
        },
        "iptm": {
          "tp": 1535.0,
          "fp": 865.0
        },
        "accept_all": {
          "tp": 1653.0,
          "fp": 954.0
        },
        "abstain_all": {
          "tp": 0.0,
          "fp": 0.0
        }
      },
      "net_benefit": {
        "conformal": {
          "0.25": 0.41458,
          "0.5": 0.39101,
          "1.0": 0.34388,
          "2.0": 0.24962,
          "3.0": 0.15535,
          "4.0": 0.06109,
          "6.0": -0.12745,
          "9.0": -0.41024
        },
        "iptm": {
          "0.25": 0.50585,
          "0.5": 0.4229,
          "1.0": 0.257,