{
  "config": {
    "alpha": 0.2,
    "delta": 0.1,
    "fixed_iptm_tau": 0.8,
    "source_strata": [
      0,
      1
    ],
    "target_strata": [
      2,
      3
    ],
    "n_iid_repeats": 6,
    "n_shift_repeats": 15,
    "combiner_features": [
      "ranking_score",
      "iface_iptm",
      "ens_ranking_std",
      "ens_ranking_range",
      "ens_iptm_std",
      "pb_valid",
      "xmodel_iptm_mean",
      "xmodel_iptm_std",
      "xmodel_n_models",
      "ligand_molecular_weight",
      "ligand_num_rot_bonds",
      "ligand_num_heavy_atoms"
    ],
    "native_score": "ranking_score",
    "localizer": "ligand_similarity",
    "venn_abers": "in-house IVAP/ABERS (grid=40)"
  },
  "venn_abers_self_check": {
    "max_abs_err_vs_sklearn": 0.0,
    "ok": true
  },
  "methods": [
    "af3",
    "boltz1",
    "boltz1x",
    "chai",
    "protenix"
  ],
  "fixed_iptm_all_models": {
    "af3": {
      "iid": {
        "coverage": 0.7131782945736435,
        "selective_risk": 0.22360248447204967
      },
      "shift": {
        "coverage": 0.6887376556493304,
        "selective_risk": 0.3014231841162843,
        "per_stratum": {
          "2": {
            "coverage": 0.7646346817187949,
            "selective_risk": 0.2362482161794239
          },
          "3": {
            "coverage": 0.6172507347458491,
            "selective_risk": 0.3777734385278092
          }
        }
      }
    },
    "boltz1": {
      "iid": {
        "coverage": 0.10864093959731545,
        "selective_risk": 0.07722007722007718
      },
      "shift": {
        "coverage": 0.03771641100146894,
        "selective_risk": 0.28178617296199293,
        "per_stratum": {
          "2": {
            "coverage": 0.055012230549746334,
            "selective_risk": 0.27917274246221613
          },
          "3": {
            "coverage": 0.02074563081752022,
            "selective_risk": 0.29357142857142865
          }
        }
      }
    },
    "boltz1x": {
      "iid": {
        "coverage": 0.09309309309309309,
        "selective_risk": 0.09216589861751157
      },
      "shift": {
        "coverage": 0.03913368674129843,
        "selective_risk": 0.33977468721908266,
        "per_stratum": {
          "2": {
            "coverage": 0.053703140237570855,
            "selective_risk": 0.2366023954259248
          },
          "3": {
            "coverage": 0.024803479904196412,
            "selective_risk": 0.553068783068783
          }
        }
      }
    },
    "chai": {
      "iid": {
        "coverage": 0.17152858809801633,
        "selective_risk": 0.09297052154195007
      },
      "shift": {
        "coverage": 0.11431665533508323,
        "selective_risk": 0.1508992773617527,
        "per_stratum": {
          "2": {
            "coverage": 0.137806118246551,
            "selective_risk": 0.15887929545228283
          },
          "3": {
            "coverage": 0.09063392522009009,
            "selective_risk": 0.13506008585968607
          }
        }
      }
    },
    "protenix": {
      "iid": {
        "coverage": 0.9205983889528193,
        "selective_risk": 0.36041666666666666
      },
      "shift": {
        "coverage": 0.9307706707689085,
        "selective_risk": 0.5109398977288185,
        "per_stratum": {
          "2": {
            "coverage": 0.9411466507364984,
            "selective_risk": 0.3674808981582219
          },
          "3": {
            "coverage": 0.9205043961105671,
            "selective_risk": 0.6559159599401755
          }
        }
      }
    }
  },
  "accept_all_all_models": {
    "af3": {
      "iid_base_error": 0.29568106312292364,
      "shift_base_error": 0.4172292480816723
    },
    "boltz1": {
      "iid_base_error": 0.3624161073825504,
      "shift_base_error": 0.47809507973736126
    },
    "boltz1x": {
      "iid_base_error": 0.34448734448734447,
      "shift_base_error": 0.44989811294732374
    },
    "chai": {
      "iid_base_error": 0.3512252042007002,
      "shift_base_error": 0.46973609474618055
    },
    "protenix": {
      "iid_base_error": 0.3659378596087457,
      "shift_base_error": 0.5192948945119932
    }
  },
  "af3_detail": {
    "iid": {
      "fixed_iptm": {
        "coverage": 0.7131782945736435,
        "selective_risk": 0.22360248447204967,
        "risk_std": 0.0,
        "frac_repeats_risk_le_alpha": 0.0,
        "mean_n_accept": 1932.0,
        "n_repeats": 6
      },
      "venn_abers": {
        "coverage": 0.4164513350559862,
        "selective_risk": 0.1239609163421217,
        "risk_std": 0.003242778709397916,
        "frac_repeats_risk_le_alpha": 1.0,
        "mean_n_accept": 1128.1666666666667,
        "n_repeats": 6
      },
      "localized": {
        "coverage": 0.7171773102005661,
        "selective_risk": 0.17033331281856365,
        "risk_std": 0.004552880690021402,
        "frac_repeats_risk_le_alpha": 1.0,
        "mean_n_accept": 1942.8333333333333,
        "n_repeats": 6
      },
      "groupcond": {
        "coverage": 0.477728559123908,
        "selective_risk": 0.13834194323791307,
        "risk_std": 0.004001104080602829,
        "frac_repeats_risk_le_alpha": 1.0,
        "mean_n_accept": 1294.1666666666667,
        "n_repeats": 6
      },
      "combined_conformal": {
        "coverage": 0.7463393626184324,
        "selective_risk": 0.18090665864187108,
        "risk_std": 0.006830922839428401,
        "frac_repeats_risk_le_alpha": 1.0,
        "mean_n_accept": 2021.8333333333333,
        "n_repeats": 6
      },
      "accept_all": {
        "coverage": 1.0,
        "selective_risk": 0.29568106312292364,
        "risk_std": 0.0,
        "frac_repeats_risk_le_alpha": 0.0,
        "mean_n_accept": 2709.0,
        "n_repeats": 6
      },
      "abstain_all": {
        "coverage": 0.0,
        "selective_risk": NaN,
        "risk_std": NaN,
        "frac_repeats_risk_le_alpha": NaN,
        "mean_n_accept": 0.0,
        "n_repeats": 6
      }
    },
    "shift": {
      "fixed_iptm": {
        "coverage": 0.6887376556493304,
        "selective_risk": 0.3014231841162843,
        "risk_std": 0.01863339134903143,
        "frac_repeats_risk_le_alpha": 0.0,
        "mean_n_accept": 442.4,
        "n_repeats": 15,
        "per_stratum": {
          "2": {
            "coverage": 0.7646346817187949,
            "selective_risk": 0.2362482161794239,
            "risk_std": 0.022486000790705604,
            "frac_repeats_risk_le_alpha": 0.06666666666666667,
            "mean_n_accept": 238.46666666666667,
            "n_repeats": 15
          },
          "3": {
            "coverage": 0.6172507347458491,
            "selective_risk": 0.3777734385278092,
            "risk_std": 0.024654563159052803,
            "frac_repeats_risk_le_alpha": 0.0,
            "mean_n_accept": 203.93333333333334,
            "n_repeats": 15
          }
        }
      },
      "naive_conformal": {
        "coverage": 0.988483840951252,
        "selective_risk": 0.41241342018788246,
        "risk_std": 0.019922410858837794,
        "frac_repeats_risk_le_alpha": 0.0,
        "mean_n_accept": 634.9333333333333,
        "n_repeats": 15,
        "per_stratum": {
          "2": {
            "coverage": 0.9947074247294818,
            "selective_risk": 0.2702968421983989,
            "risk_std": 0.019958121816139287,
            "frac_repeats_risk_le_alpha": 0.0,
            "mean_n_accept": 310.2,
            "n_repeats": 15
          },
          "3": {
            "coverage": 0.9826125697678714,
            "selective_risk": 0.5481746880707907,
            "risk_std": 0.02207088481994794,
            "frac_repeats_risk_le_alpha": 0.0,
            "mean_n_accept": 324.73333333333335,
            "n_repeats": 15
          }
        }
      },
      "venn_abers": {
        "coverage": 0.23571277174961422,
        "selective_risk": 0.16598862470212822,
        "risk_std": 0.01960329892448849,
        "frac_repeats_risk_le_alpha": 0.9333333333333333,
        "mean_n_accept": 151.4,
        "n_repeats": 15,