{
  "features": {
    "combiner": [
      "ens_ranking_std",
      "ens_ranking_range",
      "ens_iptm_std",
      "xmodel_iptm_mean",
      "xmodel_iptm_std"
    ],
    "native": [
      "iface_iptm",
      "ranking_score"
    ],
    "physicochemical": [
      "ligand_molecular_weight",
      "ligand_num_heavy_atoms",
      "pb_valid"
    ]
  },
  "substantial_threshold": 0.3,
  "n_boot": 1000,
  "models": {
    "af3": {
      "n": 2709,
      "per_feature": {
        "ens_ranking_std": {
          "rho": 0.12438480846378988,
          "abs_rho": 0.12438480846378988,
          "ci_low": 0.09435622110918289,
          "ci_high": 0.15632619006756118,
          "n": 2703
        },
        "ens_ranking_range": {
          "rho": 0.12164965419757255,
          "abs_rho": 0.12164965419757255,
          "ci_low": 0.0904472640779921,
          "ci_high": 0.15282471257776994,
          "n": 2709
        },
        "ens_iptm_std": {
          "rho": 0.22482281872652818,
          "abs_rho": 0.22482281872652818,
          "ci_low": 0.1919503500648953,
          "ci_high": 0.25556042918214167,
          "n": 2703
        },
        "xmodel_iptm_mean": {
          "rho": -0.3404634829220804,
          "abs_rho": 0.3404634829220804,
          "ci_low": -0.37109991776949813,
          "ci_high": -0.3081039434494872,
          "n": 2617
        },
        "xmodel_iptm_std": {
          "rho": 0.3104325290471948,
          "abs_rho": 0.3104325290471948,
          "ci_low": 0.2795419525506943,
          "ci_high": 0.3413478968904092,
          "n": 2617
        },
        "iface_iptm": {
          "rho": -0.1799921961530211,
          "abs_rho": 0.1799921961530211,
          "ci_low": -0.2106991371383814,
          "ci_high": -0.14517613822962022,
          "n": 2709
        },
        "ranking_score": {
          "rho": -0.1170221792246924,
          "abs_rho": 0.1170221792246924,
          "ci_low": -0.1496425942577217,
          "ci_high": -0.08579087075702899,
          "n": 2709
        },
        "ligand_molecular_weight": {
          "rho": -0.2707009894761923,
          "abs_rho": 0.2707009894761923,
          "ci_low": -0.3022260201934636,
          "ci_high": -0.23914218396005657,
          "n": 2709
        },
        "ligand_num_heavy_atoms": {
          "rho": -0.20737694257758846,
          "abs_rho": 0.20737694257758846,
          "ci_low": -0.23856115580760726,
          "ci_high": -0.17465153747388576,
          "n": 2709
        },
        "pb_valid": {
          "rho": -0.049023798702411026,
          "abs_rho": 0.049023798702411026,
          "ci_low": -0.08034903795649158,
          "ci_high": -0.018550414631949876,
          "n": 2709
        }
      },
      "combiner_ranked_abs_rho": [
        {
          "feature": "xmodel_iptm_mean",
          "abs_rho": 0.3404634829220804
        },
        {
          "feature": "xmodel_iptm_std",
          "abs_rho": 0.3104325290471948
        },
        {
          "feature": "ens_iptm_std",
          "abs_rho": 0.22482281872652818
        },
        {
          "feature": "ens_ranking_std",
          "abs_rho": 0.12438480846378988
        },
        {
          "feature": "ens_ranking_range",
          "abs_rho": 0.12164965419757255
        }
      ],
      "median_abs_rho_combiner": 0.22482281872652818,
      "median_abs_rho_physicochemical": 0.20737694257758846,
      "max_abs_rho_combiner": 0.3404634829220804,
      "argmax_combiner_feature": "xmodel_iptm_mean",
      "combiner_leaks_novelty": true
    },
    "boltz1": {
      "n": 2384,
      "per_feature": {
        "ens_ranking_std": {
          "rho": 0.1450968693820669,
          "abs_rho": 0.1450968693820669,
          "ci_low": 0.11351617094953176,
          "ci_high": 0.17524329047918366,
          "n": 2382
        },
        "ens_ranking_range": {
          "rho": 0.1516957103994583,
          "abs_rho": 0.1516957103994583,
          "ci_low": 0.12042117936840023,
          "ci_high": 0.18342542893633226,
          "n": 2384
        },
        "ens_iptm_std": {
          "rho": 0.22892219454304064,
          "abs_rho": 0.22892219454304064,
          "ci_low": 0.19601180805739687,
          "ci_high": 0.2621856204312279,
          "n": 2382
        },
        "xmodel_iptm_mean": {
          "rho": -0.3271394004077429,
          "abs_rho": 0.3271394004077429,
          "ci_low": -0.35637021979624584,
          "ci_high": -0.2920614385694613,
          "n": 2383
        },
        "xmodel_iptm_std": {
          "rho": 0.3042861053533921,
          "abs_rho": 0.3042861053533921,
          "ci_low": 0.27372283112665274,
          "ci_high": 0.3363415396773078,
          "n": 2383
        },
        "iface_iptm": {
          "rho": -0.40254081163488376,
          "abs_rho": 0.40254081163488376,
          "ci_low": -0.432441068720882,
          "ci_high": -0.3735635695531279,
          "n": 2384
        },
        "ranking_score": {
          "rho": -0.07506670722010306,
          "abs_rho": 0.07506670722010306,
          "ci_low": -0.10824277796255281,
          "ci_high": -0.04123751769289684,
          "n": 2384
        },
        "ligand_molecular_weight": {
          "rho": -0.2708996176344827,
          "abs_rho": 0.2708996176344827,
          "ci_low": -0.30437733040678155,
          "ci_high": -0.23895889382180446,
          "n": 2384
        },
        "ligand_num_heavy_atoms": {
          "rho": -0.21056607055411503,
          "abs_rho": 0.21056607055411503,
          "ci_low": -0.24530867354440392,
          "ci_high": -0.1776685722548479,
          "n": 2384
        },
        "pb_valid": {
          "rho": -0.049484959534878616,
          "abs_rho": 0.049484959534878616,
          "ci_low": -0.0835534591086575,
          "ci_high": -0.015913964294538556,
          "n": 2384
        }
      },
      "combiner_ranked_abs_rho": [
        {
          "feature": "xmodel_iptm_mean",
          "abs_rho": 0.3271394004077429
        },
        {
          "feature": "xmodel_iptm_std",
          "abs_rho": 0.3042861053533921
        },
        {
          "feature": "ens_iptm_std",
          "abs_rho": 0.22892219454304064
        },
        {
          "feature": "ens_ranking_range",
          "abs_rho": 0.1516957103994583
        },
        {
          "feature": "ens_ranking_std",
          "abs_rho": 0.1450968693820669
        }
      ],
      "median_abs_rho_combiner": 0.22892219454304064,
      "median_abs_rho_physicochemical": 0.21056607055411503,
      "max_abs_rho_combiner": 0.3271394004077429,
      "argmax_combiner_feature": "xmodel_iptm_mean",
      "combiner_leaks_novelty": true
    },
    "boltz1x": {
      "n": 2331,
      "per_feature": {
        "ens_ranking_std": {
          "rho": 0.14496622355481803,
          "abs_rho": 0.14496622355481803,
          "ci_low": 0.11196943505866801,
          "ci_high": 0.18195142864472683,
          "n": 2322
        },
        "ens_ranking_range": {
          "rho": 0.14914820185835503,
          "abs_rho": 0.14914820185835503,
          "ci_low": 0.11805396977865094,
          "ci_high": 0.18260066536497063,
          "n": 2331
        },
        "ens_iptm_std": {
          "rho": 0.17421283502039586,
          "abs_rho": 0.17421283502039586,
          "ci_low": 0.13922279740039056,
          "ci_high": 0.2070780085407884,
          "n": 2322
        },
        "xmodel_iptm_mean": {
          "rho": -0.3419366385477729,
          "abs_rho": 0.3419366385477729,
          "ci_low": -0.37617407352172044,
          "ci_high": -0.3073680605470734,
          "n": 2330
        },
        "xmodel_iptm_std": {
          "rho": 0.33679846279835124,
          "abs_rho": 0.33679846279835124,
          "ci_low": 0.30454317019435456,
          "ci_high": 0.3684390077519471,
          "n": 2330
        },
        "iface_iptm": {
          "rho": -0.323882046695451,
          "abs_rho": 0.323882046695451,
          "ci_low": -0.356839425042236,
          "ci_high": -0.2898480177412611,