{
  "af3": {
    "n": 2709,
    "strata": {
      "0": {
        "global": {
          "selective_risk": 0.07102726663574042,
          "coverage": 0.37550443711108744
        },
        "group": {
          "selective_risk": 0.11824701349869476,
          "coverage": 0.9972322491362875
        }
      },
      "1": {
        "global": {
          "selective_risk": 0.1486932316098768,
          "coverage": 0.39438881829733163
        },
        "group": {
          "selective_risk": 0.19645608628659475,
          "coverage": 0.07916645489199492
        }
      },
      "2": {
        "global": {
          "selective_risk": 0.16250422821062127,
          "coverage": 0.3754868755292125
        },
        "group": {
          "selective_risk": 0.15163863360499394,
          "coverage": 0.1220787468247248
        }
      },
      "3": {
        "global": {
          "selective_risk": 0.37534772817591733,
          "coverage": 0.3052290026180392
        },
        "group": {
          "selective_risk": 0.23055555555555557,
          "coverage": 0.003638973405169364
        }
      },
      "4": {
        "global": {
          "selective_risk": 0.42686170212765956,
          "coverage": 0.19819028375647896
        },
        "group": {
          "selective_risk": NaN,
          "coverage": 0.0
        }
      }
    }
  },
  "boltz1": {
    "n": 2384,
    "strata": {
      "0": {
        "global": {
          "selective_risk": 0.059480676328502416,
          "coverage": 0.07843230122550471
        },
        "group": {
          "selective_risk": 0.16614300462318776,
          "coverage": 0.5275945769936653
        }
      },
      "1": {
        "global": {
          "selective_risk": 0.05798599150304283,
          "coverage": 0.20036350250770718
        },
        "group": {
          "selective_risk": 0.16013850789225165,
          "coverage": 0.25579763493305113
        }
      },
      "2": {
        "global": {
          "selective_risk": 0.237660741301059,
          "coverage": 0.24433688733842368
        },
        "group": {
          "selective_risk": 0.11765447667087012,
          "coverage": 0.09160322979357506
        }
      },
      "3": {
        "global": {
          "selective_risk": 0.2736996924722557,
          "coverage": 0.08406487798846764
        },
        "group": {
          "selective_risk": NaN,
          "coverage": 0.0
        }
      },
      "4": {
        "global": {
          "selective_risk": 0.0,
          "coverage": 9.365926758452749e-05
        },
        "group": {
          "selective_risk": NaN,
          "coverage": 0.0
        }
      }
    }
  },
  "boltz1x": {
    "n": 2331,
    "strata": {
      "0": {
        "global": {
          "selective_risk": 0.06060606060606061,
          "coverage": 0.1431170114084015
        },
        "group": {
          "selective_risk": 0.15974753130408226,
          "coverage": 0.5916828295726969
        }
      },
      "1": {
        "global": {
          "selective_risk": 0.07122608079376329,
          "coverage": 0.2663803376951304
        },
        "group": {
          "selective_risk": 0.16525000997645556,
          "coverage": 0.29567792710410495
        }
      },
      "2": {
        "global": {
          "selective_risk": 0.2075673807878369,
          "coverage": 0.3393885377209133
        },
        "group": {
          "selective_risk": 0.12185898999756038,
          "coverage": 0.09614054016019515
        }
      },
      "3": {
        "global": {
          "selective_risk": 0.3237712755785045,
          "coverage": 0.18139873725109276
        },
        "group": {
          "selective_risk": 0.47368421052631576,
          "coverage": 0.0002197090589514096
        }
      },
      "4": {
        "global": {
          "selective_risk": 0.2125,
          "coverage": 0.00777378291711204
        },
        "group": {
          "selective_risk": NaN,
          "coverage": 0.0
        }
      }
    }
  },
  "chai": {
    "n": 2571,
    "strata": {
      "0": {
        "global": {
          "selective_risk": 0.24102564102564103,
          "coverage": 0.004100601421541826
        },
        "group": {
          "selective_risk": 0.171850699844479,
          "coverage": 0.027042940656937377
        }
      },
      "1": {
        "global": {
          "selective_risk": 0.13744075829383887,
          "coverage": 0.006706716251867391
        },
        "group": {
          "selective_risk": 0.1763327475102519,
          "coverage": 0.19894472521534598
        }
      },
      "2": {
        "global": {
          "selective_risk": 0.2330978809283552,
          "coverage": 0.010731844664399732
        },
        "group": {
          "selective_risk": 0.2815126050420168,
          "coverage": 0.0025773754088063935
        }
      },
      "3": {
        "global": {
          "selective_risk": 0.5798319327731093,
          "coverage": 0.0025521967121701176
        },
        "group": {
          "selective_risk": NaN,
          "coverage": 0.0
        }
      },
      "4": {
        "global": {
          "selective_risk": NaN,
          "coverage": 0.0
        },
        "group": {
          "selective_risk": NaN,
          "coverage": 0.0
        }
      }
    }
  },
  "protenix": {
    "n": 2607,
    "strata": {
      "0": {
        "global": {
          "selective_risk": 0.05589914367269267,
          "coverage": 0.04312502564523409
        },
        "group": {
          "selective_risk": 0.14490862981245892,
          "coverage": 0.9829202740962619
        }
      },
      "1": {
        "global": {
          "selective_risk": 0.1263125386040766,
          "coverage": 0.03405947259358992
        },
        "group": {
          "selective_risk": 0.16322492889823173,
          "coverage": 0.08506453207670218
        }
      },
      "2": {
        "global": {
          "selective_risk": 0.1689672801635992,
          "coverage": 0.04217244130139497
        },
        "group": {
          "selective_risk": 0.17490494296577946,
          "coverage": 0.03685776503309545
        }
      },
      "3": {
        "global": {
          "selective_risk": 0.3806386213887481,
          "coverage": 0.04145828955662954
        },
        "group": {
          "selective_risk": NaN,
          "coverage": 0.0
        }
      },
      "4": {
        "global": {
          "selective_risk": 0.2318181818181818,
          "coverage": 0.020551144325081736
        },
        "group": {
          "selective_risk": NaN,
          "coverage": 0.0
        }
      }
    }
  }
}