{
  "af3": {
    "0": {
      "selective_risk": 0.1175610595115239,
      "coverage": 0.9366466631761247
    },
    "1": {
      "selective_risk": 0.15614999589726758,
      "coverage": 0.5163764247277658
    },
    "2": {
      "selective_risk": 0.163529809534543,
      "coverage": 0.39278441788401947
    },
    "3": {
      "selective_risk": 0.1546218487394958,
      "coverage": 0.050084175084175085
    },
    "4": {
      "selective_risk": NaN,
      "coverage": 0.0
    }
  },
  "boltz1": {
    "0": {
      "selective_risk": 0.14708243284964495,
      "coverage": 0.8021694982416168
    },
    "1": {
      "selective_risk": 0.1625693893735131,
      "coverage": 0.24056851242428579
    },
    "2": {
      "selective_risk": 0.13948170731707318,
      "coverage": 0.06236037834497837
    },
    "3": {
      "selective_risk": 0.22580645161290322,
      "coverage": 0.008769861851100947
    },
    "4": {
      "selective_risk": NaN,
      "coverage": 0.0
    }
  },
  "boltz1x": {
    "0": {
      "selective_risk": 0.1584961795929407,
      "coverage": 0.7456763979226542
    },
    "1": {
      "selective_risk": 0.1554789800137836,
      "coverage": 0.35818316465070354
    },
    "2": {
      "selective_risk": 0.1561712846347607,
      "coverage": 0.15499487579913132
    },
    "3": {
      "selective_risk": 0.25,
      "coverage": 0.008393742846241892
    },
    "4": {
      "selective_risk": NaN,
      "coverage": 0.0
    }
  },
  "chai": {
    "0": {
      "selective_risk": 0.1607172505395982,
      "coverage": 0.7829195372416482
    },
    "1": {
      "selective_risk": 0.15979980337831798,
      "coverage": 0.49649449769258075
    },
    "2": {
      "selective_risk": 0.14526627218934912,
      "coverage": 0.3091133568064383
    },
    "3": {
      "selective_risk": 0.20481927710843373,
      "coverage": 0.003678588840136507
    },
    "4": {
      "selective_risk": NaN,
      "coverage": 0.0
    }
  },
  "protenix": {
    "0": {
      "selective_risk": 0.140512871982737,
      "coverage": 0.8616335884464046
    },
    "1": {
      "selective_risk": 0.15239798064787546,
      "coverage": 0.4153597483727229
    },
    "2": {
      "selective_risk": 0.15655430711610488,
      "coverage": 0.1188568376068376
    },
    "3": {
      "selective_risk": NaN,
      "coverage": 0.0
    },
    "4": {
      "selective_risk": NaN,
      "coverage": 0.0
    }
  }
}