{
  "af3": {
    "n": 2709,
    "aurc_native": 0.18693960607740717,
    "aurc_combined": 0.1250517506897695,
    "delta_aurc_heldout": 0.07036842750422173,
    "delta_aurc_ci_data_bootstrap": [
      0.04931280006674914,
      0.09164854956620797
    ],
    "delta_excludes_zero": true,
    "operating_points": {
      "0.1": {
        "native_coverage": 0.002029520295202952,
        "combined_coverage": 0.13699261992619924,
        "native_realized_risk": 0.1414113588569124,
        "combined_realized_risk": 0.05942103347515246
      },
      "0.2": {
        "native_coverage": 0.2185321853218532,
        "combined_coverage": 0.7078720787207872,
        "native_realized_risk": 0.16681908612330923,
        "combined_realized_risk": 0.17832843922981745
      }
    }
  },
  "boltz1": {
    "n": 2384,
    "aurc_native": 0.2342724413731334,
    "aurc_combined": 0.1697591529994543,
    "delta_aurc_heldout": 0.07448823435243421,
    "delta_aurc_ci_data_bootstrap": [
      0.054474115940162965,
      0.09680149386877639
    ],
    "delta_excludes_zero": true,
    "operating_points": {
      "0.1": {
        "native_coverage": 0.006075418994413408,
        "combined_coverage": 0.005854283054003724,
        "native_realized_risk": 0.09439702244403078,
        "combined_realized_risk": 0.08274001226899778
      },
      "0.2": {
        "native_coverage": 0.11180167597765364,
        "combined_coverage": 0.4238012104283054,
        "native_realized_risk": 0.1392986147358428,
        "combined_realized_risk": 0.16432687862361978
      }
    }
  },
  "boltz1x": {
    "n": 2331,
    "aurc_native": 0.21618373456234993,
    "aurc_combined": 0.16297965186929317,
    "delta_aurc_heldout": 0.062434539973889897,
    "delta_aurc_ci_data_bootstrap": [
      0.04316712417665707,
      0.0835026191176086
    ],
    "delta_excludes_zero": true,
    "operating_points": {
      "0.1": {
        "native_coverage": 0.004892857142857142,
        "combined_coverage": 0.011571428571428573,
        "native_realized_risk": 0.08973956430239628,
        "combined_realized_risk": 0.06385617230655033
      },
      "0.2": {
        "native_coverage": 0.1813690476190476,
        "combined_coverage": 0.5183214285714286,
        "native_realized_risk": 0.14874810432439858,
        "combined_realized_risk": 0.17253127006547886
      }
    }
  },
  "chai": {
    "n": 2571,
    "aurc_native": 0.24821527820387287,
    "aurc_combined": 0.14994111558932205,
    "delta_aurc_heldout": 0.08489882499641835,
    "delta_aurc_ci_data_bootstrap": [
      0.059376946557431524,
      0.10978621372277995
    ],
    "delta_excludes_zero": true,
    "operating_points": {
      "0.1": {
        "native_coverage": 0.0,
        "combined_coverage": 0.09843480138169257,
        "native_realized_risk": NaN,
        "combined_realized_risk": 0.06287238875964066
      },
      "0.2": {
        "native_coverage": 0.008657167530224524,
        "combined_coverage": 0.5994494818652849,
        "native_realized_risk": 0.23525312249777436,
        "combined_realized_risk": 0.17471117841503178
      }
    }
  },
  "protenix": {
    "n": 2607,
    "aurc_native": 0.281003247136872,
    "aurc_combined": 0.17499348817051524,
    "delta_aurc_heldout": 0.09237854557676115,
    "delta_aurc_ci_data_bootstrap": [
      0.06760448375123722,
      0.11619921678164224
    ],
    "delta_excludes_zero": true,
    "operating_points": {
      "0.1": {
        "native_coverage": 0.0,
        "combined_coverage": 0.04146445295870583,
        "native_realized_risk": NaN,
        "combined_realized_risk": 0.06487185392304319
      },
      "0.2": {
        "native_coverage": 0.04117709663686675,
        "combined_coverage": 0.5061196253724989,
        "native_realized_risk": 0.1742606594125762,
        "combined_realized_risk": 0.16680690411185267
      }
    }
  }
}