{
  "_meta": {
    "model": "af3",
    "alpha": 0.2,
    "delta": 0.1,
    "conf": "ranking_score",
    "n_poses": 69076,
    "n_systems_ligands": 2729,
    "note": "Certified gate fit on the full delivery (in-calibration operating point). Seed slots rank the within-system seeds; each slot delivers its own top-1-by-ranking_score pose."
  },
  "seed_stability": {
    "n_seed_slots": 5,
    "per_seed_slot": {
      "0": {
        "tau": 0.938386338697456,
        "coverage": 0.5298644192011726,
        "coverage_ci90": [
          0.5139477654446332,
          0.5457336318816202
        ],
        "selective_risk": 0.18326417704011067,
        "n_accept": 1446,
        "n": 2729,
        "base_correct": 0.6958592891168927
      },
      "1": {
        "tau": 0.9369134640957055,
        "coverage": 0.5499632623071271,
        "coverage_ci90": [
          0.5340606150330649,
          0.5657863312919952
        ],
        "selective_risk": 0.1850367401469606,
        "n_accept": 1497,
        "n": 2722,
        "base_correct": 0.6987509184423218
      },
      "2": {
        "tau": 0.9379498653822661,
        "coverage": 0.5400440852314474,
        "coverage_ci90": [
          0.5241210951850528,
          0.5559032972849947
        ],
        "selective_risk": 0.18571428571428572,
        "n_accept": 1470,
        "n": 2722,
        "base_correct": 0.698016164584864
      },
      "3": {
        "tau": 0.9364974930055274,
        "coverage": 0.5500367917586461,
        "coverage_ci90": [
          0.5341224646228987,
          0.5658713053863167
        ],
        "selective_risk": 0.18461538461538463,
        "n_accept": 1495,
        "n": 2718,
        "base_correct": 0.7005150846210448
      },
      "4": {
        "tau": 0.9367364310750184,
        "coverage": 0.5499447106524143,
        "coverage_ci90": [
          0.5340153103115433,
          0.5657942965546027
        ],
        "selective_risk": 0.18565683646112596,
        "n_accept": 1492,
        "n": 2713,
        "base_correct": 0.6984887578326576
      }
    },
    "tau_spread": {
      "mean": 0.9372967184511947,
      "std": 0.0007366736526490706,
      "min": 0.9364974930055274,
      "max": 0.938386338697456,
      "range": 0.0018888456919285979,
      "n": 5
    },
    "coverage_spread": {
      "mean": 0.5439706538301615,
      "std": 0.008034955345359416,
      "min": 0.5298644192011726,
      "max": 0.5500367917586461,
      "range": 0.020172372557473506,
      "n": 5
    },
    "selective_risk_spread": {
      "mean": 0.1848574847955735,
      "std": 0.000894700562355251,
      "min": 0.18326417704011067,
      "max": 0.18571428571428572,
      "range": 0.0024501086741750555,
      "n": 5
    },
    "delivery_size_spread": {
      "mean": 2720.8,
      "std": 5.268775948927796,
      "min": 2713.0,
      "max": 2729.0,
      "range": 16.0,
      "n": 5
    }
  },
  "selection_sensitivity": {
    "top1_by_score": {
      "tau": 0.9409187098731966,
      "coverage": 0.5401245877610846,
      "coverage_ci90": [
        0.5242224348288532,
        0.5559629995119711
      ],
      "selective_risk": 0.1852103120759837,
      "n_accept": 1474,
      "n": 2729,
      "base_correct": 0.7039208501282521
    },
    "random_sample_per_target": {
      "n_draws": 200,
      "tau": {
        "mean": 0.9320622216320688,
        "std": 0.0024623165420437614,
        "min": 0.9211547337821402,
        "max": 0.9391378495363047,
        "range": 0.017983115754164558,
        "n": 200
      },
      "coverage": {
        "mean": 0.5517332356174424,
        "std": 0.019602975270412326,
        "min": 0.48992304873580067,
        "max": 0.6200073286918285,
        "range": 0.13008427995602784,
        "n": 200
      },
      "selective_risk": {
        "mean": 0.18480179495892032,
        "std": 0.0013869716376011193,
        "min": 0.17997382198952883,
        "max": 0.18692730604764818,
        "range": 0.0069534840581193524,
        "n": 200
      }
    },
    "coverage_gain_top1_vs_random_mean": -0.011608647856357734
  }
}