{
  "af3": {
    "base_purity": 0.7043189368770764,
    "by_alpha": {
      "0.1": {
        "accepted_purity": 0.9405789665248476,
        "enrichment": 1.341413438491035,
        "correct_retained_frac": 0.3144447618963392,
        "kept_frac": 0.23824803465425962,
        "iface_lddt_all": 0.7644081253940412,
        "iface_lddt_kept": 0.9183663090371212
      },
      "0.2": {
        "accepted_purity": 0.8216715607701823,
        "enrichment": 1.169420537552372,
        "correct_retained_frac": 0.8555091909657979,
        "kept_frac": 0.732281460745642,
        "iface_lddt_all": 0.7650246710771332,
        "iface_lddt_kept": 0.8471925140412044
      }
    }
  },
  "boltz1": {
    "base_purity": 0.6375838926174496,
    "by_alpha": {
      "0.1": {
        "accepted_purity": 0.9085819179630429,
        "enrichment": 1.4232421084692657,
        "correct_retained_frac": 0.19786340623471607,
        "kept_frac": 0.13882681564245808,
        "iface_lddt_all": 0.7177240940857961,
        "iface_lddt_kept": 0.9006136730208392
      },
      "0.2": {
        "accepted_purity": 0.8317813324830112,
        "enrichment": 1.3033014933377667,
        "correct_retained_frac": 0.7145934649367933,
        "kept_frac": 0.5526779208161283,
        "iface_lddt_all": 0.7159376345285883,
        "iface_lddt_kept": 0.8424449050533481
      }
    }
  },
  "boltz1x": {
    "base_purity": 0.6555126555126555,
    "by_alpha": {
      "0.1": {
        "accepted_purity": 0.9135634061731606,
        "enrichment": 1.4031089859739376,
        "correct_retained_frac": 0.18933468138320222,
        "kept_frac": 0.1361344537815126,
        "iface_lddt_all": 0.7205030644777722,
        "iface_lddt_kept": 0.90460091860886
      },
      "0.2": {
        "accepted_purity": 0.831584099199652,
        "enrichment": 1.2745339283518746,
        "correct_retained_frac": 0.7186982647270772,
        "kept_frac": 0.5696969696969698,
        "iface_lddt_all": 0.7224260708981326,
        "iface_lddt_kept": 0.8422204314803531
      }
    }
  },
  "chai": {
    "base_purity": 0.6487747957992999,
    "by_alpha": {
      "0.1": {
        "accepted_purity": 0.933465310735845,
        "enrichment": 1.4362230652293564,
        "correct_retained_frac": 0.2961768250676565,
        "kept_frac": 0.20894618084572955,
        "iface_lddt_all": 0.7304826037062211,
        "iface_lddt_kept": 0.9108903467489247
      },
      "0.2": {
        "accepted_purity": 0.8268295438621165,
        "enrichment": 1.2725648093043758,
        "correct_retained_frac": 0.8033459682686392,
        "kept_frac": 0.632287630077938,
        "iface_lddt_all": 0.7295191962415001,
        "iface_lddt_kept": 0.8515953333985719
      }
    }
  },
  "protenix": {
    "base_purity": 0.6340621403912543,
    "by_alpha": {
      "0.1": {
        "accepted_purity": 0.9402250553145394,
        "enrichment": 1.486370823177749,
        "correct_retained_frac": 0.132253001864244,
        "kept_frac": 0.08991508144563197,
        "iface_lddt_all": 0.7212703543600587,
        "iface_lddt_kept": 0.9207967272468958
      },
      "0.2": {
        "accepted_purity": 0.8334191006979064,
        "enrichment": 1.3106231130553028,
        "correct_retained_frac": 0.6786079362869869,
        "kept_frac": 0.5200358035607078,
        "iface_lddt_all": 0.7231600874846154,
        "iface_lddt_kept": 0.8501861458047312
      }
    }
  }
}