{
  "af3": {
    "ligand_novelty": {
      "0": {
        "risk": 0.07102726663574042
      },
      "1": {
        "risk": 0.1486932316098768
      },
      "2": {
        "risk": 0.16250422821062127
      },
      "3": {
        "risk": 0.37534772817591733
      },
      "4": {
        "risk": 0.42686170212765956
      }
    },
    "pocket_novelty": {
      "0": {
        "risk": 0.06435552700408388
      },
      "1": {
        "risk": 0.12181993465802582
      },
      "2": {
        "risk": 0.21327793888021415
      },
      "3": {
        "risk": 0.39934068432420144
      },
      "4": {
        "risk": 0.44562899786780386
      }
    },
    "temporal": {
      "0": {
        "risk": 0.1690675542149878
      },
      "1": {
        "risk": 0.2466957153231663
      },
      "2": {
        "risk": 0.13642947875114209
      },
      "3": {
        "risk": 0.18059079810408388
      }
    }
  },
  "boltz1": {
    "ligand_novelty": {
      "0": {
        "risk": 0.060848097589311645
      },
      "1": {
        "risk": 0.057879460474645726
      },
      "2": {
        "risk": 0.24627831715210355
      },
      "3": {
        "risk": 0.2827491921451653
      },
      "4": {
        "risk": 0.16666666666666666
      }
    },
    "pocket_novelty": {
      "0": {
        "risk": 0.04534155772417603
      },
      "1": {
        "risk": 0.18871765047979064
      },
      "2": {
        "risk": 0.2757469244288225
      },
      "3": {
        "risk": 0.43557642149191445
      },
      "4": {
        "risk": 0.16666666666666666
      }
    },
    "temporal": {
      "0": {
        "risk": 0.13419436131674278
      },
      "1": {
        "risk": 0.18053676138926478
      },
      "2": {
        "risk": 0.15800713743782843
      },
      "3": {
        "risk": 0.28875562218890555
      }
    }
  },
  "boltz1x": {
    "ligand_novelty": {
      "0": {
        "risk": 0.06089716815637791
      },
      "1": {
        "risk": 0.0721891433786779
      },
      "2": {
        "risk": 0.20903993435448578
      },
      "3": {
        "risk": 0.32579886054000495
      },
      "4": {
        "risk": 0.20833333333333334
      }
    },
    "pocket_novelty": {
      "0": {
        "risk": 0.05117240895867653
      },
      "1": {
        "risk": 0.16128760782663581
      },
      "2": {
        "risk": 0.2596502284543879
      },
      "3": {
        "risk": 0.3901737302202058
      },
      "4": {
        "risk": 0.22972972972972974
      }
    },
    "temporal": {
      "0": {
        "risk": 0.2125898298917493
      },
      "1": {
        "risk": 0.18748363445928254
      },
      "2": {
        "risk": 0.13740267405171044
      },
      "3": {
        "risk": 0.28698271761534805
      }
    }
  },
  "chai": {
    "ligand_novelty": {
      "0": {
        "risk": 0.256
      },
      "1": {
        "risk": 0.10723860589812333
      },
      "2": {
        "risk": 0.23902439024390243
      },
      "3": {
        "risk": 0.6041666666666666
      },
      "4": {
        "risk": 0.0
      }
    },
    "pocket_novelty": {
      "0": {
        "risk": 0.0974264705882353
      },
      "1": {
        "risk": 0.254
      },
      "2": {
        "risk": 0.31390134529147984
      },
      "3": {
        "risk": 0.7652173913043478
      },
      "4": {
        "risk": 0.0
      }
    },
    "temporal": {
      "0": {
        "risk": 0.2857142857142857
      },
      "1": {
        "risk": 0.35602094240837695
      },
      "2": {
        "risk": 0.17548387096774193
      },
      "3": {
        "risk": 0.3841059602649007
      }
    }
  },
  "protenix": {
    "ligand_novelty": {
      "0": {
        "risk": 0.057512733446519526
      },
      "1": {
        "risk": 0.12334180073384138
      },
      "2": {
        "risk": 0.17363195566843684
      },
      "3": {
        "risk": 0.3909942041908159
      },
      "4": {
        "risk": 0.23018867924528302
      }
    },
    "pocket_novelty": {
      "0": {
        "risk": 0.05326820190742033
      },
      "1": {
        "risk": 0.11217232269863849
      },
      "2": {
        "risk": 0.25362750944146295
      },
      "3": {
        "risk": 0.41013824884792627
      },
      "4": {
        "risk": 0.23018867924528302
      }
    },
    "temporal": {
      "0": {
        "risk": 0.17293419099455715
      },
      "1": {
        "risk": 0.21749890813801134
      },
      "2": {
        "risk": 0.14942841589548175
      },
      "3": {
        "risk": 0.19367732558139536
      }
    }
  }
}