{
  "af3": {
    "base_rate": 0.8342561830933924,
    "aurc_native": 0.08510162444160282,
    "aurc_combined": 0.04799683925781747,
    "aurc_improve_pct": 43.6,
    "coverage": {
      "0.1": {
        "native": 0.1545510455104551,
        "combined": 0.7400984009840099
      },
      "0.2": {
        "native": 0.9947211972119719,
        "combined": 0.9981549815498153
      }
    }
  },
  "boltz1": {
    "base_rate": 0.7890100671140939,
    "aurc_native": 0.10787075508490498,
    "aurc_combined": 0.06593186188270116,
    "aurc_improve_pct": 38.9,
    "coverage": {
      "0.1": {
        "native": 0.1221717877094972,
        "combined": 0.34306331471135937
      },
      "0.2": {
        "native": 0.879201582867784,
        "combined": 0.9460661080074488
      }
    }
  },
  "boltz1x": {
    "base_rate": 0.7933104631217839,
    "aurc_native": 0.10339305881535885,
    "aurc_combined": 0.06408140216911686,
    "aurc_improve_pct": 38.0,
    "coverage": {
      "0.1": {
        "native": 0.14302380952380953,
        "combined": 0.3287976190476191
      },
      "0.2": {
        "native": 0.9132261904761905,
        "combined": 0.9561904761904763
      }
    }
  },
  "chai": {
    "base_rate": 0.8000777907429016,
    "aurc_native": 0.10342418608386961,
    "aurc_combined": 0.05297877745552784,
    "aurc_improve_pct": 48.8,
    "coverage": {
      "0.1": {
        "native": 0.107793609671848,
        "combined": 0.721578151986183
      },
      "0.2": {
        "native": 0.951252158894646,
        "combined": 0.962532383419689
      }
    }
  },
  "protenix": {
    "base_rate": 0.7993862677406981,
    "aurc_native": 0.1437138702337412,
    "aurc_combined": 0.06496374715774618,
    "aurc_improve_pct": 54.8,
    "coverage": {
      "0.1": {
        "native": 0.03846317581949766,
        "combined": 0.5715091528309919
      },
      "0.2": {
        "native": 0.6221902937420177,
        "combined": 0.9624840357598978
      }
    }
  }
}